{
  "xgboost_auc": 0.4952274750120209,
  "xgboost_ap": 0.051134558847101094,
  "catboost_auc": 0.5001994946136454,
  "catboost_ap": 0.05168366771282105,
  "ensemble_auc": 0.9211049955497356,
  "ensemble_ap": 0.5740005513317665,
  "adversarial_train_auc": 0.9999937010832964,
  "adversarial_val_auc": 0.999999217581262,
  "adversarial_drift_score": 0.999999217581262,
  "drift_detection_recall": 1.0,
  "drift_detection_precision": 0.5,
  "drift_detection_specificity": 0.0,
  "drift_detection_auc": 0.5,
  "drift_detection_f1": 0.6666666666666666,
  "calibration_ece": 1.0,
  "calibration_mce": 1.0,
  "calibration_brier_score": 0.25,
  "calibration_reliability_correlation": 0.0,
  "calibration_reliability_slope": 0.0,
  "calibration_hl_chi2": 100.0,
  "calibration_mean_confidence": 0.5,
  "calibration_mean_accuracy": 0.05147426286856572,
  "calibration_overconfidence": 0.0,
  "period_0_auc": 0.5392340904824479,
  "period_0_ap": 0.0554755494915597,
  "period_1_auc": 0.4735118596065342,
  "period_1_ap": 0.04631887583423774,
  "period_2_auc": 0.5607368977934024,
  "period_2_ap": 0.052999790306107,
  "period_3_auc": 0.49218807610058257,
  "period_3_ap": 0.04656231158408426,
  "period_4_auc": 0.4908491267186919,
  "period_4_ap": 0.06749496996380583,
  "temporal_auc_mean": 0.5113040101403318,
  "temporal_auc_std": 0.03297201116587309,
  "temporal_auc_min": 0.4735118596065342,
  "temporal_auc_max": 0.5607368977934024,
  "temporal_ap_mean": 0.0537702994359589,
  "temporal_ap_std": 0.007737531204904072,
  "temporal_stability_score": 0.9670279888341269,
  "xgboost_contribution_mean": 0.04788004198750317,
  "xgboost_contribution_std": 0.03407719836485392,
  "catboost_contribution_mean": 0.04446949860385097,
  "catboost_contribution_std": 0.018333304229822253
}